編號,遊戲名稱,BGG連結,BGG圖片編號,定價,狀態,買二送一,買一送一,買一送二,套組內容
1,掘跡藍星 全套,https://boardgamegeek.com/boardgame/292126/excavation-earth,292126,4000,,v,,,掘跡藍星（本體）、掘跡藍星-第二波、掘跡藍星-銀河博物館、掘跡藍星: 漂亮盒子、掘跡藍星: 垃圾金屬
2,重裝上陣-榮譽之戰 全套,https://boardgamegeek.com/boardgame/293547/reload,293547,3740,,v,,,重裝上陣-榮譽之戰（本體）、企業冠名戰隊包1擴充、奪旗賽擴充、轟隆鳴動擴充
3,咖啡商人,https://boardgamegeek.com/boardgame/325022/coffee-traders,325022,3500,,v,,,
4,旭日戰魂錄,https://boardgamegeek.com/boardgame/205896/rising-sun,205896,3490,,v,,,
5,快餐連鎖大亨,https://boardgamegeek.com/boardgame/175914/food-chain-magnate,175914,3300,,v,,,
6,Pyramid Arcade,https://boardgamegeek.com/boardgame/187988/pyramid-arcade,187988,3000,,v,,,
7,阿克萊特,https://boardgamegeek.com/boardgame/300664/arkwright-card-game,300664,3000,,v,,,
8,阿格拉,https://boardgamegeek.com/boardgame/230085/agra,230085,2800,,v,,,
9,生化奇兵：無限,https://boardgamegeek.com/boardgame/132428/bioshock-infinite-siege-columbia,132428,2600,,,,,
10,瓦萊利亞之暗影王國 全套,https://boardgamegeek.com/boardgame/285036/shadow-kingdoms-valeria,285036,2600,,,,,瓦萊利亞之暗影王國（本體）、瓦萊利亞之暗影王國：泰坦崛起
11,大不里士豪華版,https://boardgamegeek.com/boardgame/349369/tabriz,349369,2600,,,,,
12,恐龍島,https://boardgamegeek.com/boardgame/221194/dinosaur-island,221194,2500,,,,,
13,漫威英雄套牌構築遊戲,https://boardgamegeek.com/boardgame/129437/legendary-marvel-deck-building-game,129437,2500,,,,,
14,古董局中局,https://boardgamegeek.com/boardgame/234510/deception-antiques-12-chinese-zodiac-bronze-heads,234510,2400,,,,,
15,熱力狂飆,https://boardgamegeek.com/boardgame/366013/heat-pedal-to-the-metal,366013,2400,,,,,
16,礦井人生,https://boardgamegeek.com/boardgame/169794/haspelknecht-story-early-coal-mining,169794,2350,,,,,
17,終焉帝國,https://boardgamegeek.com/boardgame/356952/empires-end,356952,2350,,,,,
18,比薩快遞,https://boardgamegeek.com/boardgame/195867/papa-paolo,195867,2280,,,,,
19,死灰之冠豪華版,https://boardgamegeek.com/boardgame/354307/crown-of-ash,354307,2250,,,,,
20,呼嘯山脈,https://boardgamegeek.com/boardgame/177478/iki,177478,2200,,,,,
21,諾瑞亞雲中城,https://boardgamegeek.com/boardgame/233676/noria,233676,2190,,,,,
22,布魯塞爾1893,https://boardgamegeek.com/boardgame/144592/bruxelles-1893,144592,2190,,,,,
23,暴走彈彈獸,https://boardgamegeek.com/boardgame/97903/terror-meeple-city,97903,2180,,,,,
24,溫達克,https://boardgamegeek.com/boardgame/229265/wendake,229265,2150,,,,,
25,托爾圖加 2199,https://boardgamegeek.com/boardgame/265017/tortuga-2199,265017,2100,,,,,
26,留里克王朝：基輔的黎明,https://boardgamegeek.com/boardgame/228328/rurik-dawn-kiev,228328,2100,,,,,
27,古巴,https://boardgamegeek.com/boardgame/30380/cuba,30380,2050,,,,,
28,巴西帝國,https://boardgamegeek.com/boardgame/249277/brazil-imperial,249277,2000,,,,,
29,慢車小鎮,https://boardgamegeek.com/boardgame/221318/whistle-stop,221318,2000,,,,,
30,動物大臨演,https://boardgamegeek.com/boardgame/182120/histrio,182120,2000,,,,,
31,點陣圖,https://boardgamegeek.com/boardgame/67181/pix,67181,2000,,,,,
32,月光光心慌慌,https://boardgamegeek.com/boardgame/380175/halloween,380175,1990,,,,,
33,唐苑,https://boardgamegeek.com/boardgame/252153/tang-garden,252153,1980,,,,,
34,芝加哥特快車,https://boardgamegeek.com/boardgame/31730/chicago-express,31730,1980,,,,,
35,西部傳奇,https://boardgamegeek.com/boardgame/232405/western-legends,232405,1950,,,,,
36,奈斯爾傳奇,https://boardgamegeek.com/boardgame/360265/sabika,360265,1900,,,,,
37,風語花鄉,https://boardgamegeek.com/boardgame/403441/windmill-valley,403441,1890,,,,,
38,帝國開拓者,https://boardgamegeek.com/boardgame/154203/imperial-settlers,154203,1860,,,,,
39,地城領主,https://boardgamegeek.com/boardgame/45315/dungeon-lords,45315,1850,,,,,
40,黃金時代,https://boardgamegeek.com/boardgame/164338/golden-ages,164338,1800,,,,,
41,特攻神諜,https://boardgamegeek.com/boardgame/155624/specter-ops,155624,1800,,,,,
42,霸業2030,https://boardgamegeek.com/boardgame/54138/imperial-2030,54138,1795,,,,,
43,羅馬競技場,https://boardgamegeek.com/boardgame/27746/colosseum,27746,1780,,,,,
44,遠征紐戴爾,https://boardgamegeek.com/boardgame/272682/expedition-newdale,272682,1750,,,,,
45,我的小小鐮刀,https://boardgamegeek.com/boardgame/226320/my-little-scythe,226320,1750,,,,,
46,方程式賽車,https://boardgamegeek.com/boardgame/37904/formula-d,37904,1750,,,,,
47,侍,https://boardgamegeek.com/boardgame/3/samurai,3,1750,,,,,
48,DELTA,https://boardgamegeek.com/boardgame/368263/delta,368263,1750,,,,,
49,巨魔與公主,https://boardgamegeek.com/boardgame/371873/trolls-and-princesses,371873,1750,,,,,
50,富途共樂,https://boardgamegeek.com/boardgame/258389/futuropia,258389,1690,,,,,
51,聊齋,https://boardgamegeek.com/boardgame/37046/ghost-stories,37046,1690,,,,,
52,月海礦場,https://boardgamegeek.com/boardgame/319392/luna-maris,319392,1690,,,,,
53,蝕器紀元,https://boardgamegeek.com/boardgame/344277/corrosion,344277,1650,,,,,
54,珊瑚計畫,https://boardgamegeek.com/boardgame/419199/reef-project,419199,1650,,,,,
55,無敵少俠,https://boardgamegeek.com/boardgame/396251/invincible-the-hero-building-game,396251,1650,,,,,
56,醫學之父,https://boardgamegeek.com/boardgame/327971/hippocrates,327971,1600,,,,,
57,寶藏獵人,https://boardgamegeek.com/boardgame/182189/treasure-hunter,182189,1600,,,,,
58,生態農場,https://boardgamegeek.com/boardgame/200954/fields-green,200954,1590,,,,,
59,瘋狂建築工,https://boardgamegeek.com/boardgame/261114/men-work,261114,1580,,,,,
60,魔數大師,N/A,,1580,,,,,
61,捕鯨船,https://boardgamegeek.com/boardgame/157413/new-bedford,157413,1520,,,,,
62,尼安德特人,https://boardgamegeek.com/boardgame/171662/neanderthal,171662,1500,,,,,
63,夢境之地,https://boardgamegeek.com/boardgame/231038/dreamscape,231038,1500,,,,,
64,格陵蘭島,https://boardgamegeek.com/boardgame/266447/greenland-third-edition,266447,1500,,,,,
65,拯救路,https://boardgamegeek.com/boardgame/153991/salvation-road,153991,1500,,,,,
66,夏洛克福爾摩斯,https://boardgamegeek.com/boardgame/2511/sherlock-holmes-consulting-detective-thames-murder,2511,1500,,,,,
67,歐提斯：海淵,https://boardgamegeek.com/boardgame/222542/otys,222542,1500,,,,,
68,狂熱獨角獸,https://boardgamegeek.com/boardgame/245658/unicorn-fever,245658,1500,,,,,
69,美麗新世界,https://boardgamegeek.com/boardgame/271324/its-wonderful-world,271324,1500,,,,,
70,雨後新香,https://boardgamegeek.com/boardgame/210274/petrichor,210274,1500,,,,,
71,御竹園,https://boardgamegeek.com/boardgame/70919/takenoko,70919,1490,,,,,
72,圓樓,https://boardgamegeek.com/boardgame/205498/round-house,205498,1490,,,,,
73,駱駝大賽紙牌版,https://boardgamegeek.com/boardgame/192947/camel-cards,192947,1490,,,,,
74,蒸汽,https://boardgamegeek.com/boardgame/329591/ultimate-railroads,329591,1490,,,,,
75,煞有其時,https://boardgamegeek.com/boardgame/344258/time-you-killed-me,344258,1490,,,,,
76,花園國度,https://boardgamegeek.com/boardgame/341245/garden-nation,341245,1490,,,,,
77,女僕之心３,https://boardgamegeek.com/boardgame/158130/tanto-cuore-oktoberfest,158130,1440,,,,,
78,南極危機,https://boardgamegeek.com/boardgame/182074/antarctica,182074,1400,,,,,
79,紐約之王,https://boardgamegeek.com/boardgame/160499/king-new-york,160499,1400,,,,,
80,辣椒之王,https://boardgamegeek.com/boardgame/145659/scoville,145659,1400,,,,,
81,天下無雙 第一戰：傳奇之戰,https://boardgamegeek.com/boardgame/274637/unmatched-battle-legends-volume-one,274637,1400,,,,,
82,三環馬戲團,https://boardgamegeek.com/boardgame/371947/3-ring-circus,371947,1400,,,,,
83,倫敦商會,https://boardgamegeek.com/boardgame/134157/guilds-london,134157,1390,,,,,
84,光合作用,https://boardgamegeek.com/boardgame/218603/photosynthesis,218603,1390,,,,,
85,記帳城市,https://boardgamegeek.com/boardgame/254135/fortune-city,254135,1390,,,,,
86,奧法之戰,https://boardgamegeek.com/boardgame/262712/res-arcana,262712,1390,,,,,
87,曼陀羅石,https://boardgamegeek.com/boardgame/317504/mandala-stones,317504,1390,,,,,
88,古巴：聖地牙哥,https://boardgamegeek.com/boardgame/104347/santiago-de-cuba,104347,1350,,,,,
89,人類起源,https://boardgamegeek.com/boardgame/127095/origin,127095,1350,,,,,
90,穆拉諾 光影大師,https://boardgamegeek.com/boardgame/341256/murano-light-masters,341256,1350,,,,,
91,第九號交響曲,https://boardgamegeek.com/boardgame/244141/symphony-no9,244141,1350,,,,,
92,鯊魚博士,https://boardgamegeek.com/boardgame/108783/dr-shark,108783,1350,,,,,
93,說夢人,https://boardgamegeek.com/boardgame/198454/when-i-dream,198454,1350,,,,,
94,派遣小鎮,https://boardgamegeek.com/boardgame/371932/townsfolk-wanted,371932,1350,,,,,
95,橡樹秘境,https://boardgamegeek.com/boardgame/343362/oak,343362,1350,,,,,
96,印加聖谷,https://boardgamegeek.com/boardgame/391162/urubamba-valley,391162,1350,,,,,
97,骰子城,https://boardgamegeek.com/boardgame/179572/dice-city,179572,1320,,,,,
98,海盜幣,https://boardgamegeek.com/boardgame/172560/piratoons,172560,1320,,,,,
99,Pralaya,https://boardgamegeek.com/boardgame/187590/pralaya,187590,1320,,,,,
100,Gangster Paradise,N/A,,1320,,,,,
101,奧卡諾根：湖之山谷,https://boardgamegeek.com/boardgame/230089/okanagan-valley-lakes,230089,1300,,,,,
102,米寶戰爭,https://boardgamegeek.com/boardgame/192120/meeple-war,192120,1300,,,,,
103,馭風之王,https://boardgamegeek.com/boardgame/207809/sultans-wind,207809,1290,,,,,
104,叢林智慧棋,https://boardgamegeek.com/boardgame/201006/bumuntu,201006,1290,,,,,
105,終極戰士,https://boardgamegeek.com/boardgame/100679/ultimate-warriorz,100679,1290,,,,,
106,賽馬大亨,https://boardgamegeek.com/boardgame/351040/ready-set-bet,351040,1290,,,,,
107,環世80天,https://boardgamegeek.com/boardgame/348503/80-days,348503,1290,,,,,
108,靈能偵探,https://boardgamegeek.com/boardgame/280136/paranormal-detectives,280136,1280,,,,,
109,瞄準！開砲！霹靂投石車,https://boardgamegeek.com/boardgame/310789/catapult-feud,310789,1280,,,,,
110,名偵大賽,https://boardgamegeek.com/boardgame/188866/awkward-guests,188866,1250,,,,,
111,翻滾雲霄飛車,https://boardgamegeek.com/boardgame/379644/roller-coaster-rush,379644,1250,,,,,
112,亡命之徒,https://boardgamegeek.com/boardgame/176083/hit-z-road,176083,1200,,,,,
113,繽紛夜光蟲,https://boardgamegeek.com/boardgame/269752/noctiluca,269752,1200,,,,,
114,皇后的項鍊,https://boardgamegeek.com/boardgame/6068/queens-necklace,6068,1200,,,,,
115,世博１８９３,https://boardgamegeek.com/boardgame/178336/worlds-fair-1893,178336,1200,,,,,
116,騎士精神,https://boardgamegeek.com/boardgame/251586/chivalry,251586,1200,,,,,
117,撰寫文明史,https://boardgamegeek.com/boardgame/181494/cvlizations,181494,1200,,,,,
118,西班牙鐵路,https://boardgamegeek.com/boardgame/206859/iberian-rails,206859,1200,,,,,
119,聖鳥之城,https://boardgamegeek.com/boardgame/300700/quetzal,300700,1200,,,,,
120,迷你都市,https://boardgamegeek.com/boardgame/239840/micropolis,239840,1200,,,,,
121,Argoat,https://boardgamegeek.com/boardgame/226616/argoat,226616,1200,,,,,
122,飛行船都市,https://boardgamegeek.com/boardgame/256442/airship-city,256442,1200,,,,,
123,小小鐵路帝國,https://boardgamegeek.com/boardgame/299178/small-railroad-empires,299178,1190,,,,,
124,王道,https://boardgamegeek.com/boardgame/245382/way-bear,245382,1190,,,,,
125,王國軼聞錄,https://boardgamegeek.com/boardgame/217861/paper-tales,217861,1190,,,,,
126,江戶職人物語,https://boardgamegeek.com/boardgame/301255/whistle-mountain,301255,1190,,,,,
127,骰子工廠,https://boardgamegeek.com/boardgame/216600/fantastic-factories,216600,1180,,,,,
128,維塔穆斯,https://boardgamegeek.com/boardgame/240175/vita-mors,240175,1170,,,,,
129,卡吞那,https://boardgamegeek.com/boardgame/116948/cartoona,116948,1160,,,,,
130,電力世界,https://boardgamegeek.com/boardgame/286431/electropolis,286431,1160,,,,,
131,龍灣尋禮,https://boardgamegeek.com/boardgame/274300/dragon-market,274300,1160,,,,,
132,寂靜迷航,https://boardgamegeek.com/boardgame/194879/not-alone,194879,1160,,,,,
133,創意編字,https://boardgamegeek.com/boardgame/191982/knit-wit,191982,1160,,,,,
134,豐收,https://boardgamegeek.com/boardgame/200058/harvest,200058,1150,,,,,
135,王權暗戰,https://boardgamegeek.com/boardgame/320718/hidden-leaders,320718,1150,,,,,
136,貝克街動物偵探團,https://boardgamegeek.com/boardgame/359124/the-animals-of-baker-street,359124,1150,,,,,
137,國王與刺客,https://boardgamegeek.com/boardgame/147930/king-assassins,147930,1100,,,,,
138,跑跑針鼴鼠,https://boardgamegeek.com/boardgame/236272/echidna-shuffle,236272,1100,,,,,
139,釀藥森林,https://boardgamegeek.com/boardgame/332386/brew,332386,1100,,,,,
140,天痕：部落決戰,https://boardgamegeek.com/boardgame/344789/skytear-horde,344789,1100,,,,,
141,竹靈之道,https://boardgamegeek.com/boardgame/351538/bamboo,351538,1100,,,,,
142,煤礦大亨紙牌版,https://boardgamegeek.com/boardgame/192945/coal-baron-great-card-game,192945,1090,,,,,
143,熔爐革命,https://boardgamegeek.com/boardgame/318084/furnace,318084,1090,,,,,
144,諾亞鬧方舟,https://boardgamegeek.com/boardgame/191572/animals-board,191572,1090,,,,,
145,鐵路縱橫,https://boardgamegeek.com/boardgame/2842/transamerica,2842,1090,,,,,
146,妙語偵探社,https://boardgamegeek.com/boardgame/256788/detective-club,256788,1090,,,,,
147,遺忘之都,https://boardgamegeek.com/boardgame/260212/forgotten-city,260212,1080,,,,,
148,神奇種子,https://boardgamegeek.com/boardgame/259525/mystical-seeds,259525,1080,,,,,
149,大阪商人,https://boardgamegeek.com/boardgame/24827/traders-osaka,24827,1050,,,,,
150,可可亞,https://boardgamegeek.com/boardgame/171499/cacao,171499,1050,,,,,
151,Night Clan,https://boardgamegeek.com/boardgame/168549/night-clan,168549,1000,,,,,
152,太空之門奧德賽,https://boardgamegeek.com/boardgame/266179/space-gate-odyssey,266179,1000,,,,,
153,漫遊世界,https://boardgamegeek.com/boardgame/162367/co-mix,162367,1000,,,,,
154,阿奎利亞城,https://boardgamegeek.com/boardgame/108161/aquileia,108161,1000,,,,,
155,CINECITTA 1937,https://boardgamegeek.com/boardgame/203884/cinecitta-1937-1937,203884,1000,,,,,
156,馬約利卡,https://boardgamegeek.com/boardgame/258041/majolica,258041,990,,,,,
157,星球防衛者,https://boardgamegeek.com/boardgame/204879/planet-defenders,204879,990,,,,,
158,造陸計畫,https://boardgamegeek.com/boardgame/281394/island-project,281394,990,,,,,
159,魔法交易所,https://boardgamegeek.com/boardgame/287322/mystic-market,287322,990,,,,,
160,迷你文明,https://boardgamegeek.com/boardgame/240465/civ-carta-impera-victoria,240465,990,,,,,
161,二手拍賣王,https://boardgamegeek.com/boardgame/237217/speedy-pickers,237217,990,,,,,
162,歪星訪客,https://boardgamegeek.com/boardgame/231223/visitor-blackwood-grove,231223,990,,,,,
163,進擊的巨獸,https://boardgamegeek.com/boardgame/163275/attack-monster,163275,990,,,,,
164,畫外之意,https://boardgamegeek.com/boardgame/265684/subtext,265684,990,,,,,
165,青青珊瑚島,https://boardgamegeek.com/boardgame/244331/blue-lagoon,244331,990,,,,,
166,神秘導語,https://boardgamegeek.com/boardgame/421374/landmarks,421374,990,,,,,
167,五彩貧民窟,https://boardgamegeek.com/boardgame/230591/favelas,230591,950,,,,,
168,大肚王國：平埔傳奇,https://boardgamegeek.com/boardgame/287946/kingdom-middag,287946,950,,,,,
169,鬱金香泡沫,https://boardgamegeek.com/boardgame/229414/tulip-bubble,229414,950,,,,,
170,教父風雲,https://boardgamegeek.com/boardgame/176558/mafia-de-cuba,176558,950,,,,,
171,凱爾特之森,https://boardgamegeek.com/boardgame/378200/triqueta,378200,950,,,,,
172,人勞,https://boardgamegeek.com/boardgame/339301/jinrou,339301,900,,,,,
173,眾神大典,https://boardgamegeek.com/boardgame/217581/kronia,217581,890,,,,,
174,速速城國,https://boardgamegeek.com/boardgame/234468/minute-realms,234468,890,,,,,
175,捕蜂高手,https://boardgamegeek.com/boardgame/129492/bee-alert,129492,890,,,,,
176,神奇果汁,https://boardgamegeek.com/boardgame/203427/fabled-fruit,203427,890,,,,,
177,洞察掀機,https://boardgamegeek.com/boardgame/193164/macroscope,193164,890,,,,,
178,孔雀宴會,https://boardgamegeek.com/boardgame/244505/pikoko,244505,890,,,,,
179,依樣畫葫蘆,https://boardgamegeek.com/boardgame/270513/dekalko,270513,890,,,,,
180,舞動魔咒,https://boardgamegeek.com/boardgame/245503/abra-kazam,245503,890,,,,,
181,雲遊,https://boardgamegeek.com/boardgame/267319/roam,267319,890,,,,,
182,逃離太空站,https://boardgamegeek.com/boardgame/177147/survive-space-attack,177147,880,,,,,
183,時光當鋪,https://boardgamegeek.com/boardgame/230010/time-pawnshop,230010,880,,,,,
184,什麼不見啦,https://boardgamegeek.com/boardgame/260211/something-missing,260211,880,,,,,
185,築夢計畫,https://boardgamegeek.com/boardgame/168232/project-dreamscape,168232,860,,,,,
186,Covert,https://boardgamegeek.com/boardgame/187653/covert,187653,850,,,,,
187,開心滑水梯樂園,https://boardgamegeek.com/boardgame/206169/slide-blast,206169,850,,,,,
188,連線計畫,https://boardgamegeek.com/boardgame/379110/setup,379110,850,,,,,
189,失落之地,https://boardgamegeek.com/boardgame/363699/finding-atlantis,363699,850,,,,,
190,絕谷戰士,https://boardgamegeek.com/boardgame/221408/warriors-jogu-feint,221408,800,,,,,
191,蘇丹尼亞,https://boardgamegeek.com/boardgame/145012/sultaniya,145012,800,,,,,
192,共創城市,https://boardgamegeek.com/boardgame/201399/multicity,201399,800,,,,,
193,龍焰,https://boardgamegeek.com/boardgame/166280/dragonflame,166280,800,,,,,
194,花市,N/A,,800,,,,,
195,動物夜怕怕,https://boardgamegeek.com/boardgame/155020/animals-frightening-night,155020,800,,,,,
196,翻轉旅程,https://boardgamegeek.com/boardgame/257924/globe-twister,257924,790,,,,,
197,快閃地精,https://boardgamegeek.com/boardgame/270263/do-you-gnome-me,270263,790,,,,,
198,第一類接觸,https://boardgamegeek.com/boardgame/258309/first-contact,258309,790,,,,,
199,暗影行動：阿姆斯特丹,https://boardgamegeek.com/boardgame/246297/shadows-amsterdam,246297,790,,,,,
200,雪之時,https://boardgamegeek.com/boardgame/256438/snow-time,256438,790,,,,,
201,眾裡尋他,https://boardgamegeek.com/boardgame/218126/whozit,218126,790,,,,,
202,海格力士的12試煉,https://boardgamegeek.com/boardgame/234859/labours-hercules,234859,790,,,,,
203,俠盜羅賓雞,https://boardgamegeek.com/boardgame/234842/chickwood-forest,234842,790,,,,,
204,雨林生機,https://boardgamegeek.com/boardgame/295607/canopy,295607,790,,,,,
205,魔藥無雙,https://boardgamegeek.com/boardgame/374487/only-one-collection,374487,790,,,,,
206,暗貨,https://boardgamegeek.com/boardgame/332703/contraband-insider,332703,790,,,,,
207,小短手的星期天,https://boardgamegeek.com/boardgame/289916/t-rexs-holiday,289916,780,,,,,
208,盜賊市集,https://boardgamegeek.com/boardgame/182351/thiefs-market,182351,760,,,,,
209,陰謀大亂鬥,https://boardgamegeek.com/boardgame/24509/gambit-royale,24509,750,,,,,
210,速塗快遞,https://boardgamegeek.com/boardgame/232090/doodle-rush,232090,750,,,,,
211,今晚要吃誰！,https://boardgamegeek.com/boardgame/230275/who-should-we-eat,230275,750,,,,,
212,言下之意,https://boardgamegeek.com/boardgame/215371/crosstalk,215371,750,,,,,
213,龍龍公園,https://boardgamegeek.com/boardgame/264055/draftosaurus,264055,750,,,,,
214,打光94狂,https://boardgamegeek.com/boardgame/281395/speed-beating,281395,690,,,,,
215,敦煌商豪,https://boardgamegeek.com/boardgame/283924/merchants-dunhuang,283924,690,,,,,
216,古物有限公司,https://boardgamegeek.com/boardgame/168609/artifacts-inc,168609,690,,,,,
217,狼與獵犬,https://boardgamegeek.com/boardgame/181670/wolf-hound,181670,690,,,,,
218,愛因斯坦,https://boardgamegeek.com/boardgame/205185/einstein-his-amazing-life-and-incomparable-science,205185,690,,,,,
219,雲海,https://boardgamegeek.com/boardgame/189052/sea-clouds,189052,690,,,,,
220,台灣,https://boardgamegeek.com/boardgame/257722/taiwan-formosa,257722,690,,,,,
221,八分鐘帝國,https://boardgamegeek.com/boardgame/131366/eight-minute-empire,131366,690,,,,,
222,抖抖山大冒險,N/A,,690,,,,,
223,貴婦的遺產,https://boardgamegeek.com/boardgame/209220/lady-richmond-ein-erzocktes-erbe,209220,690,,,,,
224,龍宮盜寶,https://boardgamegeek.com/boardgame/199780/looterz,199780,690,,,,,
225,泳池派對,https://boardgamegeek.com/boardgame/241490/pool-party,241490,690,,,,,
226,福爾摩斯鷹眼,https://boardgamegeek.com/boardgame/217619/sherlook,217619,690,,,,,
227,賭命大賽,https://boardgamegeek.com/boardgame/179245/world-championship-russian-roulette,179245,690,,,,,
228,荒島動物學,https://boardgamegeek.com/boardgame/94346/galapa-go,94346,690,,,,,
229,最後衝刺,https://boardgamegeek.com/boardgame/230246/photofinish-final-rush,230246,690,,,,,
230,勇者不過是個ATM,N/A,,690,,,,,
231,查理檢查哨,https://boardgamegeek.com/boardgame/205079/checkpoint-charlie,205079,690,,,,,
232,瘋狂速食怪,https://boardgamegeek.com/boardgame/223538/fast-food-fear,223538,690,,,,,
233,遵命！黑魔王,https://boardgamegeek.com/boardgame/18723/aye-dark-overlord-red-box,18723,690,,,,,
234,彈指網球,https://boardgamegeek.com/boardgame/270847/set-match,270847,690,,,,,
235,左右難題,https://boardgamegeek.com/boardgame/370235/left-right-dilemma,370235,690,,,,,
236,矮人礦坑：礦洞逃生,https://boardgamegeek.com/boardgame/365702/saboteur-dark-cave,365702,690,,,,,
237,我的好朋友,N/A,,690,,,,,
238,粉墨登場,https://boardgamegeek.com/boardgame/417224/onstage,417224,690,,,,,
239,黑幫老大,https://boardgamegeek.com/boardgame/85005/boss,85005,680,,,,,
240,手造奇觀：波蘭版,https://boardgamegeek.com/boardgame/158343/hand-made-wonders,158343,680,,,,,
241,喵喵咪呀,https://boardgamegeek.com/boardgame/262447/meowmeow-mia,262447,680,,,,,
242,香草花園,https://boardgamegeek.com/boardgame/195314/herbaceous,195314,650,,,,,
243,五年五百億大亂鬥,https://boardgamegeek.com/boardgame/267027/fight-50-billion,267027,650,,,,,
244,大想頭,https://boardgamegeek.com/boardgame/696/big-idea,696,650,,,,,
245,阿瑪多拉,https://boardgamegeek.com/boardgame/8229/armadora,8229,640,,,,,
246,狡兔三窟,https://boardgamegeek.com/boardgame/40602/rabbit-hunt,40602,600,,,,,
247,晦暗世界：童話版,https://boardgamegeek.com/boardgame/172062/fairytale-gloom,172062,600,,,,,
248,豪賭風雲,https://boardgamegeek.com/boardgame/197071/gambler-gamble,197071,600,,,,,
249,靈光乍現,https://boardgamegeek.com/boardgame/441097/genius-idea,441097,600,,,,,
250,智行棋,https://boardgamegeek.com/boardgame/255165/shibuya,255165,590,,,,,
251,木林幻境,https://boardgamegeek.com/boardgame/225214/legendary-forests,225214,590,,,,,
252,精靈的惡作劇,https://boardgamegeek.com/boardgame/326582/fairy-prank,326582,590,,,,,
253,巴撒利市集,https://boardgamegeek.com/boardgame/152567/basari-das-kartenspiel,152567,590,,,,,
254,動物瘋,https://boardgamegeek.com/boardgame/224123/animania,224123,590,,,,,
255,舞星,https://boardgamegeek.com/boardgame/75789/mai-star,75789,590,,,,,
256,香蕉共和國,https://boardgamegeek.com/boardgame/192777/junta-las-cartas,192777,590,,,,,
257,一知半解古董市,https://boardgamegeek.com/boardgame/187515/zooscape/images,187515,590,,,,,
258,鼻畫大師,https://boardgamegeek.com/boardgame/268839/pencil-nose,268839,590,,,,,
259,神探諾斯,https://boardgamegeek.com/boardgame/330602/inspektor-nase,330602,590,,,,,
260,家族事業,https://boardgamegeek.com/boardgame/170/family-business,170,590,,,,,
261,心流密碼,https://boardgamegeek.com/boardgame/300753/cross-clues,300753,590,,,,,
262,繞著地球跑,https://boardgamegeek.com/boardgame/91425/map-it-world-edition,91425,590,,,,,
263,瘋魔口袋,https://boardgamegeek.com/boardgame/201920/pocket-madness,201920,580,,,,,
264,追捕艾德勒,https://boardgamegeek.com/boardgame/190577/get-adler-deduction-card-game,190577,580,,,,,
265,羽,https://boardgamegeek.com/boardgame/224122/aves,224122,560,,,,,
266,果盜檸檸七,https://boardgamegeek.com/boardgame/16144/fruit-spy,16144,560,,,,,
267,哞！豪華版,https://boardgamegeek.com/boardgame/38984/mow,38984,550,,,,,
268,動物反抗軍,https://boardgamegeek.com/boardgame/214204/argh,214204,550,,,,,
269,聖光之城,https://boardgamegeek.com/boardgame/205046/capital-lux,205046,550,,,,,
270,神殿之謎,https://boardgamegeek.com/boardgame/234691/mystery-temples,234691,550,,,,,
271,神奈川學苑,https://boardgamegeek.com/boardgame/200147/kanagawa,200147,550,,,,,
272,漫步普羅旺斯,https://boardgamegeek.com/boardgame/286145/walking-provence,286145,550,,,,,
273,出租英雄,https://boardgamegeek.com/boardgame/135116/rent-hero,135116,550,,,,,
274,迷你鐵道王,https://boardgamegeek.com/boardgame/225818/mini-rails,225818,550,,,,,
275,全力衝廁,https://boardgamegeek.com/boardgame/262444/moreru,262444,550,,,,,
276,天堂，我要進來了！,https://boardgamegeek.com/boardgame/345966/heaven-here-i-come,345966,550,,,,,
277,就這樣我成為了聖劍王,N/A,,550,,,,,
278,海鹽摺紙,https://boardgamegeek.com/boardgame/367220/sea-salt-and-paper,367220,550,,,,,
279,決戰詭牌鎮,https://boardgamegeek.com/boardgame/365594/trickdraw,365594,550,,,,,
280,一線勝機,https://boardgamegeek.com/boardgame/382960/line-it,382960,550,,,,,
281,樸宿桌迷藏,N/A,,550,,,,,
282,星靈王座,N/A,,550,,,,,
283,塔羅說書人,https://boardgamegeek.com/boardgame/186767/shahrazad,186767,500,,,,,
284,封神,N/A,,500,缺圖,,,,
285,Duel of Ages Set 1: Worldspanner,https://boardgamegeek.com/boardgame/6050/duel-ages-set-1-worldspanner,6050,500,,,,,
286,Duel of Ages Set 2: Intensity,https://boardgamegeek.com/boardgameexpansion/6139/duel-ages-set-2-intensity,6139,500,,,,,
287,DUEL OF AGES Master Addendum,https://boardgamegeek.com/boardgame/9365/duel-ages-masters-addendum,9365,500,,,,,
288,糖果獵人,https://boardgamegeek.com/boardgame/150605/candy-chaser,150605,500,,,,,
289,大蒜與十字架,N/A,,500,缺圖,,,,
290,Palazzo,https://boardgamegeek.com/boardgame/15318/palazzo,15318,500,,,,,
291,LA STANZA,https://boardgamegeek.com/boardgame/243993/la-stanza,243993,500,,,,,
292,雙面間諜,https://boardgamegeek.com/boardgame/206616/spywhere,206616,500,,,,,
293,蜥蓋,https://boardgamegeek.com/boardgame/269731/battle-lizard,269731,500,,,,,
294,黑骷髏島,https://boardgamegeek.com/boardgame/253861/black-skull-island,253861,500,,,,,
295,Dragon draft,N/A,,500,,,,,
296,空想世界,N/A,,500,,,,,
297,薄荷工廠,https://boardgamegeek.com/boardgame/200077/mint-works,200077,490,,,,,
298,薄荷速遞,https://boardgamegeek.com/boardgame/230251/mint-delivery,230251,490,,,,,
299,英雄總是最後一個到,N/A,,490,,,,,
300,深淵密謀,https://boardgamegeek.com/boardgame/276042/conspiracy-abyss-universe,276042,490,,,,,
301,蓮花,https://boardgamegeek.com/boardgame/198525/lotus,198525,490,,,,,
302,幻化魔石,https://boardgamegeek.com/boardgame/194079/rox,194079,490,,,,,
303,注意，施工中！,https://boardgamegeek.com/boardgame/232311/caution-under-construction,232311,490,,,,,
304,金魚撈撈,N/A,,490,,,,,
305,方舟,https://boardgamegeek.com/boardgame/116858/noah,116858,490,,,,,
306,病毒,https://boardgamegeek.com/boardgame/194690/viral,194690,490,,,,,
307,黏黏變色龍,https://boardgamegeek.com/boardgame/220778/sticky-chameleons,220778,490,,,,,
308,拉長島,https://boardgamegeek.com/boardgame/293050/langland-romme,293050,490,,,,,
309,尋尋蜜蜜,https://boardgamegeek.com/boardgame/245696/beesmart,245696,490,,,,,
310,寺廟巧匠,https://boardgamegeek.com/boardgame/175199/mottainai,175199,490,,,,,
311,黑喵傑克,https://boardgamegeek.com/boardgame/245090/black-jacky,245090,490,,,,,
312,卡魯巴紙牌版,https://boardgamegeek.com/boardgame/235465/karuba-card-game,235465,490,,,,,
313,冰淇淋快手,https://boardgamegeek.com/boardgame/160470/ice-cream-combo,160470,490,,,,,
314,呼拉大師,https://boardgamegeek.com/boardgame/328859/hula-hoo,328859,490,,,,,
315,水啦！,https://boardgamegeek.com/boardgame/198775/yesss,198775,490,,,,,
316,未命名農場生物,https://boardgamegeek.com/boardgame/252404/unnamed-farm-organisms,252404,490,,,,,
317,上流社會,https://boardgamegeek.com/boardgame/220/high-society,220,490,,,,,
318,泥巴大戰,https://boardgamegeek.com/boardgame/1087/matschig,1087,490,,,,,
319,毒來毒往,https://boardgamegeek.com/boardgame/182487/little-drop-poison,182487,490,,,,,
320,截碼戰：光碟播放器擴充,https://boardgamegeek.com/boardgame/273938/decrypto-expansion-01-laserdrive,273938,490,,,,,
321,驚魂巴哈馬,https://boardgamegeek.com/boardgame/269917/bahamas,269917,490,,,,,
322,天天都是情人節,https://boardgamegeek.com/boardgame/300090/rose-ceremony,300090,490,,,,,
323,繪聲繪影,https://boardgamegeek.com/boardgame/341136/whats-sound,341136,490,,,,,
324,呼拉大師,https://boardgamegeek.com/boardgame/328859/hula-hoo,328859,490,,,,,
325,山貓奇襲,https://boardgamegeek.com/boardgame/153065/linko,153065,490,,,,,
326,阿拉伯物語-瓦拉多冒險記,https://boardgamegeek.com/boardgame/212756/adventure-of-warado,212756,490,,,,,
327,瘋狂地下城,https://boardgamegeek.com/boardgame/260300/dungeon-mayhem,260300,450,,,,,
328,七不思議,https://boardgamegeek.com/boardgame/172662/seven7s,172662,450,,,,,
329,皂單全收,https://boardgamegeek.com/boardgame/236360/dont-drop-the-soap,236360,450,,,,,
330,異種: 七宗罪,https://boardgamegeek.com/boardgame/172047/others,172047,2000,,,,v,
331,宇宙怪獸,https://boardgamegeek.com/boardgame/226207/mochiju,226207,450,,,,v,
332,權力的遊戲,https://boardgamegeek.com/boardgame/103343/game-thrones-board-game-second-edition,103343,2250,,,,,
333,利曼24小時耐力賽,https://boardgamegeek.com/boardgame/345087/endurance-game-24h-le-mans,345087,450,,v,,,
334,跑馬圈地,https://boardgamegeek.com/boardgame/213266/circle-the-wagons,213266,450,,v,,,
335,擇日而獵,https://boardgamegeek.com/boardgame/234260/prey-another-day/ratings?rated=1&comment=1,234260,450,,v,,,
336,喵10,https://boardgamegeek.com/boardgame/448154/meow-10,448154,450,,v,,,
337,影子家族：揭密時刻,https://boardgamegeek.com/boardgame/406974/shadow-house-the-code,406974,420,,,v,,
338,色彩麻吉,https://boardgamegeek.com/boardgame/240100/match-me-what-color,240100,400,,,v,,
339,貪心農夫,N/A,,390,,,v,,
340,三賤髂,https://boardgamegeek.com/boardgame/123370/nox,123370,390,,,v,,
341,採珠人,https://boardgamegeek.com/boardgame/269069/pearls,269069,390,,,,v,
342,蟲蟲派對,https://boardgamegeek.com/boardgame/245700/party-bugs,245700,390,,,,v,
343,本草,https://boardgamegeek.com/boardgame/231554/herbalism,231554,390,,,v,,
344,國王的早餐,https://boardgamegeek.com/boardgame/6263/kings-breakfast,6263,390,,,v,,
345,耶利哥,https://boardgamegeek.com/boardgame/21709/jericho,21709,390,,,v,,
346,狩獵季,https://boardgamegeek.com/boardgame/109005/jagdfieber,109005,390,,,,v,
347,玄武門之變—八卦篇,https://boardgamegeek.com/boardgame/210019/xuanwu-gate-incident,210019,390,,,,v,
348,皮納塔派對,https://boardgamegeek.com/boardgame/371973/blind-business,371973,390,,v,,,
349,奧林帕斯戰場,https://boardgamegeek.com/boardgame/35306/battlefields-olympus,35306,350,,,,v,
350,火柴盒系列 禪宗大師,https://boardgamegeek.com/boardgame/83197/zen-master,83197,350,,,,v,
351,編年史,https://boardgamegeek.com/boardgame/54307/chronicle,54307,350,,,,v,
352,寄情花語,https://boardgamegeek.com/boardgame/257614/tussie-mussie,257614,350,,,,v,
353,聰明玩家,N/A,,330,,v,,,
354,獴鷲派對,https://boardgamegeek.com/boardgame/175/what-heck,175,290,,,,v,
355,貪吃鬼,https://boardgamegeek.com/boardgame/232420/gier,232420,290,,,,v,
356,大商人,https://boardgamegeek.com/boardgame/107638/master-merchant,107638,290,,,,v,
357,諜戰特工,https://boardgamegeek.com/boardgame/230059/crossfire,230059,290,,,,v,
358,捉迷藏起司,https://boardgamegeek.com/boardgame/283430/got-you,283430,250,,,,v,
